[
  -1002974068170,
  -1003144674230,
  -1002286638078,
  -1002997903166,
  -1002909906060,
  -1002297814343,
  -1002157922656,
  -1002482679512,
  -1002414865406,
  -1002173432931,
  -1002487324130,
  -1002596873457,
  -1002181102987,
  -1002961284572,
  -1002620714735,
  -1002359016269,
  -1002497202280,
  -1002155873837,
  -1002315631873,
  -1002215953123,
  -1002563678087,
  -1002499926926,
  -1002313123166,
  -1002572697433,
  -1002570957726,
  -1002603570061,
  -1002818083862,
  -1002204862693,
  -1002338427177,
  -1002633931547,
  -1002444712483,
  -1002494181105,
  -1002223217841,
  -1002394380259,
  -1002196669550,
  -1002360724289,
  -1002219978476,
  -1003012440824,
  -1002212183370,
  -1002912082417,
  -1002544255759,
  -1002919381954,
  -1002886283334,
  -1002410937846,
  -1002387249700,
  -1003130032121,
  -1003030732646,
  -1003199670732,
  -1002501680480,
  -1003136264899,
  -1003088970072,
  -1002680980953,
  -1002610389084,
  -1003190968564,
  -1003053323659,
  -1002949398752,
  -1003120366371,
  -1002856847563,
  -1003095245404,
  -1003088751367,
  -1002897110566,
  -1002713906746,
  -1003066798114,
  -1002596679939,
  -1002957304299,
  -1002781080773,
  -1002866094291,
  -1002918141023,
  -1003041450093,
  -1002615121964,
  -1002989102450,
  -4854687429,
  -1002864548619,
  -1002900102011,
  -1002330960522,
  -1003188144877,
  -1003135407996,
  -1003024527907,
  -1003075230311,
  -1002798880307,
  -1003173295747,
  -1002988763285,
  -1002924878425,
  -1003147219120,
  -1002668562159,
  -1002666733606,
  -1002918127194,
  -1002897347005,
  -1002680266248,
  -1003139043785,
  -1002843123649,
  -1003000402510,
  -1003074916037,
  -1002927942829,
  -1002882775803,
  -1002487185103,
  -4731595594,
  {
    "id": -1002960247787,
    "name": "𝐌𝐔𝐑𝐈𝐃 𝐔𝐏 𝐏𝐀𝐘𝐌𝐄𝐍𝐓 <𝐕𝐎𝐗𝐙𝐘>",
    "bonusGiven": true
  },
  {
    "id": -1002376352762,
    "name": "FREELANCE GRUP WA",
    "bonusGiven": true
  },
  {
    "id": -1003140524018,
    "name": "𝐗 - 𝐊𝐎𝐇𝐀𝐍𝐀 𝐓𝐄𝐀𝐌",
    "bonusGiven": true
  },
  {
    "id": -1002725225698,
    "name": "MURBAND PRIVATE RIIDZZ",
    "bonusGiven": true
  },
  {
    "id": -1003122446712,
    "name": "jaser",
    "bonusGiven": true
  },
  {
    "id": -1003105701331,
    "name": "danz ingin damai dgn bibin",
    "bonusGiven": true
  },
  {
    "id": -1002884615212,
    "name": "bokep anjg",
    "bonusGiven": true
  },
  {
    "id": -1003044281235,
    "name": "CN GA CN GA BAKAL DI ADD",
    "bonusGiven": true
  },
  {
    "id": -1002929654390,
    "name": "MURBUG VIP BY MANZZ",
    "bonusGiven": true
  },
  {
    "id": -1003037849223,
    "name": "MURSUN BY DANZZ",
    "bonusGiven": true
  },
  {
    "id": -1002759748586,
    "name": "؛ًٍَُّْ𝅯𝅯۪ؒؒؒؒؒؒؒؒؒؒؒؒؒؒؒؒؒؒؒؒؒؒؒؒؒؒؒؒؒؒؒؒؒؒؒؒؒؒؒؒؒؒؒؒؒؒؒؒؒؒؒؒؒؒؒؒؒؒؒؒؒؒؒؒؒؒؒؒؒؒؒؒؒؒؒؒؒؒؒؒؒؒؒؒؒؒؒؒؒؒؒؒؒؒؒؒؒؒؒؒؒؒؒؒؒؒؒؒؒؒؒؒؒ",
    "bonusGiven": true
  },
  {
    "id": -1002984934530,
    "name": "maklu vs maklu",
    "bonusGiven": true
  },
  {
    "id": -1002873163903,
    "name": "ALL BUYER KELL",
    "bonusGiven": true
  },
  {
    "id": -1002773060979,
    "name": "GB³³³ JB ADMIN XINZSX4YOU STORE REAL",
    "bonusGiven": true
  },
  {
    "id": -1003168009306,
    "name": "STUDENT UNBAND KILZ🥷😜",
    "bonusGiven": true
  },
  {
    "id": -1002607569363,
    "name": "ROOM PUBLIC V1",
    "bonusGiven": true
  },
  {
    "id": -1002888926912,
    "name": "ROOM PUBLIC V2",
    "bonusGiven": true
  },
  {
    "id": -1003067441134,
    "name": "𝗣𝗧 𝗣𝗨𝗕𝗟𝗜𝗖 𝗩𝗜𝗡𝗭𝗫👑",
    "bonusGiven": true
  },
  {
    "id": -1002373154840,
    "name": "NOKOS ONLY",
    "bonusGiven": true
  },
  {
    "id": -1002544890096,
    "name": "𝐓𝐑𝐀𝐃𝐈𝐍𝐆 𝐒𝐌𝐀𝐑𝐓 𝐈𝐍𝐃𝐎𝐍𝐄𝐒𝐈𝐀📊",
    "bonusGiven": true
  },
  {
    "id": -1002283406359,
    "name": "𝑹𝑶𝑶𝑴 𝑷𝑼𝑩𝑳𝑰𝑪 𝑽𝑰𝑶𝑳𝑬𝑻",
    "bonusGiven": true
  },
  {
    "id": -1002726141509,
    "name": "Cek bot",
    "bonusGiven": true
  },
  {
    "id": -1002490606923,
    "name": "ROOM BEBAS SHARE SHARE BY DUTZX👻👻",
    "bonusGiven": true
  },
  {
    "id": -1002179720473,
    "name": "ALL RES & PT & MOD & CEO & TK & OWN",
    "bonusGiven": true
  },
  {
    "id": -1002630426059,
    "name": "MURBAND TIKTOK BY YUDZZ",
    "bonusGiven": true
  },
  {
    "id": -1002585391657,
    "name": "MURBUG FREE SC UNITY-TITANS",
    "bonusGiven": true
  },
  {
    "id": -1002578661809,
    "name": "MURDOXING BY YUDZZ",
    "bonusGiven": true
  },
  {
    "id": -1002650792375,
    "name": "MURBAND IG BY YUDZZ",
    "bonusGiven": true
  },
  {
    "id": -1002380006733,
    "name": "MURNOK VVIP BY YUDZZ",
    "bonusGiven": true
  },
  {
    "id": -1002272358420,
    "name": "MURSUN VVIP BY YUDZZ",
    "bonusGiven": true
  },
  {
    "id": -1002622047469,
    "name": "MURBAND WA BY YUDZZ",
    "bonusGiven": true
  },
  {
    "id": -1002618139636,
    "name": "MURRENAME APK BY YUDZZ",
    "bonusGiven": true
  },
  {
    "id": -1002669689317,
    "name": "MURUP PAYMENT BY YUDZZ",
    "bonusGiven": true
  },
  {
    "id": -1002691966748,
    "name": "GB BEBAS SHARE TIMER OUT 🇬🇱",
    "bonusGiven": true
  },
  {
    "id": -1002924587770,
    "name": "MURSADAP JARAK JAUH",
    "bonusGiven": true
  },
  {
    "id": -1003173535262,
    "name": "𝗞𝗔𝗜𝗜 𝗕𝗔𝗜𝗞 and Paaz Vip",
    "bonusGiven": true
  },
  {
    "id": -1003173326620,
    "name": "PASAR JB || OMJAIZ REAL",
    "bonusGiven": true
  },
  {
    "id": -1002698693468,
    "name": "GACA NOKOS/JB ROBLOX",
    "bonusGiven": true
  },
  {
    "id": -1002890719642,
    "name": "HAMA ADA YG SIRIK",
    "bonusGiven": true
  }
]
